timestamp,problem_id,domain_name,num_constraints,domain,problem,actions,goal,constraints,ltl_formula,formula_reasoning,fluent_syntax,plan,plan_reasoning,trace,trace_reasoning,is_valid,num_loops,status,feedback
2026-02-06 12:03:21,103,babyai,4,"In this domain, you are an agent navigating a 2D gridworld consisting of four rooms arranged in a square formation. The rooms are connected by doors, and you can interact with various objects like boxes and balls, each of which has a specific color. The actions you can take include moving to objects or empty spaces, going through doors, picking up or dropping objects, and toggling the state of doors (locking or unlocking them). Each action has specific preconditions that must be met before you can perform it, and the effects of the actions change the state of the world accordingly. For example, you can only pick up an object if you are in the same room as it and not holding anything else. Similarly, you can only go through a door if it is unlocked and you are in front of it.","You start in room_2, where you cannot access room_4 because the blue door connecting them is locked. Your goal is to unlock a grey door that connects room_3 and room_4, ensuring that you are in room_4 at some point while holding an object. The initial state has you not holding any objects, and the blue door remains locked throughout the plan.","1. **gotoobject x r**: You can go in front of an object x in room r, but only if you are in the same room as x. After this action, you will be in front of x. 

2. **gotoempty**: You can go in front of an empty position in the room at any time. After this action, you will be in front of an empty position. 

3. **gotodoor d r1 r2**: You can go in front of door d connecting room r1 to room r2, but only if you are in a room that d connects and there is no object blocking the position in front of d. After this action, you will be in front of door d. 

4. **gotoroom r1 r2 d**: You can go to room r2 from room r1 using door d, but only if you are currently in room r1, the door d is unlocked, and r2 is adjacent to r1. After this action, you will be in room r2. 

5. **pick x r**: You can pick up object x in room r, but only if you are in the same room as x and not holding anything. After this action, you will be carrying x. 

6. **drop x r**: You can drop object x in room r, but only if you are currently holding x and the position in front of you is empty. After this action, you will no longer be carrying x. 

7. **toggle d**: You can toggle door d if you are in front of it. After this action, if d was locked, it becomes unlocked, and vice versa.","The goal is to have a grey door connecting room_3 and room_4 that is unlocked, while also ensuring that at some point you are in room_4 and holding an object.","1. You must be in room_4 at least once during the plan.
2. If you are in room_4, you must have been holding an object in a previous state.
3. The blue door must remain locked throughout the plan.
4. You must hold an object at least once during the plan.",F(unlocked_grey_door & in_room_4 & holding_object) & F(in_room_4) & (holding_object U in_room_4) & G(locked_blue_door) & F(holding_object),"1. **Goal**: The goal is to have a grey door connecting room_3 and room_4 that is unlocked, and to be in room_4 while holding an object. This can be expressed as: F(unlocked_grey_door & in_room_4 & holding_object).

2. **Constraint 1**: You must be in room_4 at least once during the plan. This is a simple constraint that can be expressed as: F(in_room_4).

3. **Constraint 2**: If you are in room_4, you must have been holding an object in a previous state. This is a precedence constraint, as it requires a condition to have been true before another condition. It can be expressed as: holding_object U in_room_4.

4. **Constraint 3**: The blue door must remain locked throughout the plan. This is an always true constraint, which can be expressed as: G(locked_blue_door).

5. **Constraint 4**: You must hold an object at least once during the plan. This is a simple constraint that can be expressed as: F(holding_object).

Combining all these, the complete LTL formula is:
- F(unlocked_grey_door & in_room_4 & holding_object) for the goal.
- F(in_room_4) for constraint 1.
- holding_object U in_room_4 for constraint 2.
- G(locked_blue_door) for constraint 3.
- F(holding_object) for constraint 4.","Fluents are predicates that describe the state of the world, such as 'unlocked_grey_door', 'in_room_4', 'holding_object', and 'locked_blue_door'. These predicates are used to express conditions in the LTL formula.","1. Unlock the grey door connecting room_3 and room_4.
2. Move to room_3 from room_2.
3. Pick up an object in room_3.
4. Move to room_4 while holding the object.","Initial State Analysis: The agent starts in room_2, with no objects held, and the blue door connecting room_2 and room_4 is locked. The grey door connecting room_3 and room_4 is also locked. The agent needs to navigate through the rooms to achieve the goal. 

Goal Analysis: The goal is to unlock the grey door connecting room_3 and room_4, and to be in room_4 while holding an object at some point during the plan. 

Constraint Analysis: 
1. The agent must be in room_4 at least once during the plan. 
2. If the agent is in room_4, it must have been holding an object in a previous state. 
3. The blue door must remain locked throughout the plan. 
4. The agent must hold an object at least once during the plan. 

Subgoal Sequence: 
1. Unlock the grey door connecting room_3 and room_4. 
2. Move to room_3 to pick up an object. 
3. Pick up an object in room_3. 
4. Move to room_4 while holding the object. 

This sequence ensures that the agent can enter room_4 while holding an object, satisfying all constraints and achieving the goal effectively.","[['in_room_2', '!holding_object', 'locked_grey_door', 'locked_blue_door'], ['unlocked_grey_door', 'in_room_2', '!holding_object', 'locked_blue_door'], ['unlocked_grey_door', 'in_room_3', '!holding_object', 'locked_blue_door'], ['unlocked_grey_door', 'in_room_3', 'holding_object', 'locked_blue_door'], ['unlocked_grey_door', 'in_room_4', 'holding_object', 'locked_blue_door']]","The initial state is derived from the problem description, which indicates that the agent starts in room_2 and is not holding any objects. The blue door connecting room_2 and room_4 is locked, and the goal is to unlock the grey door connecting room_3 and room_4. Therefore, the initial state includes the following fluents: the agent is not holding any object, is in room_2, the grey door is locked, and the blue door is locked. 

1. **Initial State (State 0)**: The agent is in room_2, not holding any objects, the grey door is locked, and the blue door is locked. 
   - Fluents: in_room_2, !holding_object, locked_grey_door, locked_blue_door

2. **Step 1**: The action is to unlock the grey door connecting room_3 and room_4. After this action, the grey door is now unlocked, but the agent is still in room_2 and not holding any objects. 
   - Fluents: unlocked_grey_door, in_room_2, !holding_object, locked_blue_door

3. **Step 2**: The agent moves from room_2 to room_3. After this action, the agent is now in room_3, still not holding any objects, and the state of the doors remains unchanged. 
   - Fluents: unlocked_grey_door, in_room_3, !holding_object, locked_blue_door

4. **Step 3**: The agent picks up an object in room_3. After this action, the agent is now holding an object while still in room_3. 
   - Fluents: unlocked_grey_door, in_room_3, holding_object, locked_blue_door

5. **Step 4**: The agent moves to room_4 while holding the object. After this action, the agent is now in room_4 and is still holding the object. 
   - Fluents: unlocked_grey_door, in_room_4, holding_object, locked_blue_door",False,5,failed,"WHAT WENT WRONG: The plan does not meet the requirement that you must have been holding an object before entering room 4. You need to hold an object before you can enter room 4, but the sequence of actions does not allow for this.
 HOW TO FIX: You need to pick up an object in room 2 before moving to room 3, ensuring that you are holding an object when you eventually enter room 4."
2026-02-06 12:06:29,105,babyai,4,"In this domain, you are an agent navigating a 2D gridworld consisting of four rooms arranged in a square formation. The rooms are connected by doors, and you can interact with various objects like boxes and balls, each of which has a specific color. The actions you can take include moving to objects or empty spaces, going through doors, picking up and dropping objects, and toggling the state of doors (locking or unlocking them). Each action has specific preconditions that must be met before you can perform it, and the effects of the actions change the state of the world accordingly. For example, you can only pick up an object if you are in the same room as it and not holding anything else. The goal is to manipulate the objects and doors to achieve a specific state in the gridworld.","You start in room_1 with several objects present, including green_box_1, grey_ball_1, and green_box_2. Your goal is to ensure that there is a green door (specifically green_door_1) that is not locked. To achieve this, you need to manipulate the objects and possibly unlock the door while adhering to the constraints provided.",You have several actions available to you: 1. **gotoobject x r**: Move in front of object x in room r. You can only do this if you are in the same room as x. 2. **gotoempty**: Move in front of an empty position in the room. You can do this anytime. 3. **gotodoor d r1 r2**: Move in front of door d connecting room r1 and r2. You can only do this if you are in a room connected to d and nothing is blocking the door. 4. **gotoroom r1 r2 d**: Move to room r2 from room r1 using door d. You can only do this if you are in an adjacent room and the door is unlocked. 5. **pick x r**: Pick up object x in room r. You can only do this if you are in the same room as x and not holding anything. 6. **drop x r**: Drop object x in room r. You can only do this if you are holding x and the position in front of you is empty. 7. **toggle d**: Toggle the state of door d (lock or unlock). You can only do this if you are in front of d.,"The goal is to have green_door_1 in an unlocked state, meaning it is accessible for passage between room_1 and room_2.","1. At least one state must exist where green_door_1 is not locked. 2. If green_door_1 is not locked in some state, there must be a previous state where you were holding grey_ball_2. 3. At least one state must exist where green_door_1 is locked. 4. If green_door_1 is locked in some state, you must be holding grey_ball_2 in that state or in a subsequent state. 5. At least one state must exist where grey_ball_1 is in room_4. 6. At least one state must exist where you are holding purple_box_1.",F(unlocked_green_door_1) & F(!locked_green_door_1) & (holding_grey_ball_2 U !locked_green_door_1) & F(locked_green_door_1) & G(locked_green_door_1 -> F(holding_grey_ball_2)) & F(grey_ball_1_in_room_4) & F(holding_purple_box_1),"1. The goal is to have green_door_1 unlocked at some point, which is expressed as F(unlocked_green_door_1).

2. The first constraint requires that there is at least one state where green_door_1 is not locked, which is expressed as F(!locked_green_door_1).

3. The second constraint is a precedence constraint: if green_door_1 is not locked, there must have been a previous state where you were holding grey_ball_2. This is expressed as holding_grey_ball_2 U !locked_green_door_1.

4. The third constraint requires that there is at least one state where green_door_1 is locked, which is expressed as F(locked_green_door_1).

5. The fourth constraint is a consequence constraint: if green_door_1 is locked, you must be holding grey_ball_2 in that state or in a subsequent state. This is expressed as G(locked_green_door_1 -> F(holding_grey_ball_2)).

6. The fifth constraint requires that there is at least one state where grey_ball_1 is in room_4, which is expressed as F(grey_ball_1_in_room_4).

7. The sixth constraint requires that there is at least one state where you are holding purple_box_1, which is expressed as F(holding_purple_box_1).

Combining all these, we get the complete LTL formula.","Fluents are expressed as predicates, such as unlocked_green_door_1, locked_green_door_1, holding_grey_ball_2, grey_ball_1_in_room_4, and holding_purple_box_1, representing the state of objects or the agent in the gridworld.","1. Unlock green_door_1.
2. Hold grey_ball_2.
3. Lock green_door_1.
4. Ensure holding grey_ball_2 while green_door_1 is locked.
5. Move grey_ball_1 to room_4.
6. Hold purple_box_1.","Initial State Analysis: The agent starts in room_1 with three objects: green_box_1, grey_ball_1, and green_box_2. The state of green_door_1 is unknown, but it needs to be manipulated to achieve the goal. 

Goal Analysis: The goal is to have green_door_1 in an unlocked state, allowing passage between room_1 and room_2. 

Constraint Analysis: 
1. The first constraint requires that green_door_1 must be in an unlocked state at some point. 
2. The second constraint states that if green_door_1 is not locked, the agent must have been holding grey_ball_2 at some point. 
3. The third constraint requires that there must be a state where green_door_1 is locked. 
4. The fourth constraint states that if green_door_1 is locked, the agent must be holding grey_ball_2 in that state or in a subsequent state. 
5. The fifth constraint requires that grey_ball_1 must be in room_4 at some point. 
6. The sixth constraint requires that the agent must be holding purple_box_1 at some point. 

Subgoal Sequence: 
1. Unlock green_door_1 to satisfy the first constraint. 
2. Hold grey_ball_2 to satisfy the second constraint. 
3. Lock green_door_1 to satisfy the third constraint. 
4. Ensure that the agent is holding grey_ball_2 while green_door_1 is locked to satisfy the fourth constraint. 
5. Move grey_ball_1 to room_4 to satisfy the fifth constraint. 
6. Hold purple_box_1 to satisfy the sixth constraint. 

The plan must ensure that the agent navigates through the constraints while achieving the goal of having green_door_1 unlocked.","[['unlocked_green_door_1: false', 'locked_green_door_1: true', 'holding_grey_ball_2: false', 'grey_ball_1_in_room_4: false', 'holding_purple_box_1: false'], ['unlocked_green_door_1: true', 'locked_green_door_1: false', 'holding_grey_ball_2: false', 'grey_ball_1_in_room_4: false', 'holding_purple_box_1: false'], ['unlocked_green_door_1: false', 'locked_green_door_1: true', 'holding_grey_ball_2: true', 'grey_ball_1_in_room_4: false', 'holding_purple_box_1: false'], ['unlocked_green_door_1: false', 'locked_green_door_1: true', 'holding_grey_ball_2: true', 'grey_ball_1_in_room_4: false', 'holding_purple_box_1: false'], ['unlocked_green_door_1: false', 'locked_green_door_1: true', 'holding_grey_ball_2: true', 'grey_ball_1_in_room_4: true', 'holding_purple_box_1: false'], ['unlocked_green_door_1: false', 'locked_green_door_1: true', 'holding_grey_ball_2: true', 'grey_ball_1_in_room_4: true', 'holding_purple_box_1: true']]","In the initial state, we are in room_1 with the following objects: green_box_1, grey_ball_1, and green_box_2. The problem does not specify the state of the green_door_1, but since the goal is to ensure it is not locked, we can assume it is locked initially. Therefore, the initial state will include the following fluents: 
- green_box_1 is present in room_1, so it is clear and not being held. 
- grey_ball_1 is also in room_1, so it is clear and not being held. 
- green_box_2 is in room_1, so it is clear and not being held. 
- green_door_1 is locked initially. 

Thus, the initial state (State 0) will include: 
- unlocked_green_door_1 is false (since it is locked), 
- locked_green_door_1 is true, 
- holding_grey_ball_2 is false (not holding it), 
- grey_ball_1_in_room_4 is false (not moved yet), 
- holding_purple_box_1 is false (not holding it). 

After analyzing the plan steps:
1. Unlocking green_door_1 will change its state to unlocked, so after this step, unlocked_green_door_1 will be true and locked_green_door_1 will be false.
2. Holding grey_ball_2 will make holding_grey_ball_2 true.
3. Locking green_door_1 will revert it back to locked, making locked_green_door_1 true and unlocked_green_door_1 false.
4. Ensuring holding grey_ball_2 while green_door_1 is locked will keep holding_grey_ball_2 true and locked_green_door_1 true.
5. Moving grey_ball_1 to room_4 will make grey_ball_1_in_room_4 true.
6. Holding purple_box_1 will make holding_purple_box_1 true. 

The resulting states after each step will reflect these changes accordingly.",False,5,failed,"WHAT WENT WRONG: The plan does not achieve a state where the green door is unlocked while you are holding grey_ball_2, which is a requirement. Furthermore, the order of actions is incorrect, as you need to hold grey_ball_2 before locking the door.
 HOW TO FIX: You need to hold grey_ball_2 before unlocking the green door. Additionally, ensure that the green door is unlocked while you are holding grey_ball_2 before proceeding to lock it."
2026-02-06 12:10:43,107,babyai,4,"In this domain, you are an agent navigating a 2D gridworld consisting of four rooms arranged in a square formation. The rooms are connected by doors, and you can interact with various objects like boxes and balls, each of which has a specific color. The actions you can take include moving to objects or empty spaces, going through doors, picking up or dropping objects, and toggling the state of doors (locking or unlocking them). Each action has specific preconditions that must be met before you can perform it, and the effects of the actions change the state of the world accordingly. For example, you can only pick up an object if you are in the same room as it and not holding anything else. The goal is to manipulate the objects and navigate through the rooms to achieve a specific state of the world.","You start in room_2, where you have access to a blue box. The goal is to have a grey ball in room_4 while you are also in room_4. The initial state has grey_ball_1 and red_ball_1 in room_1, and you need to navigate through the rooms to achieve the goal.","You can perform several actions in this gridworld. Here’s a breakdown of what you can do:

1. **Go to Object (gotoobject x r)**: You can go in front of an object x in room r, but you can only do this if you are currently in the same room as x.

2. **Go to Empty (gotoempty)**: You can go in front of an empty position in the room at any time, as there are no specific constraints for this action.

3. **Go to Door (gotodoor d r1 r2)**: You can go in front of a door d connecting room r1 to room r2, but you must be in a room that is connected to d, and there must be no object blocking the position in front of the door.

4. **Go to Room (gotoroom r1 r2 d)**: You can go to room r2 from room r1 using door d, but you must be in room r1, the door d must be unlocked, and r2 must be adjacent to r1.

5. **Pick (pick x r)**: You can pick up an object x in room r, but you must be in the same room as x and not holding anything else.

6. **Drop (drop x r)**: You can drop an object x in room r, but you must be holding x and the position in front of you must be empty.

7. **Toggle (toggle d)**: You can toggle the state of door d (lock or unlock it) if you are standing in front of it.",The goal is to have a grey ball in room_4 and for you to also be in room_4.,"1. At least one state must exist where red_ball_1 is in room_4 and you are in room_1.
2. At least one state must exist where purple_door_1 is not locked.
3. If purple_door_1 is not locked in some state, there must be an earlier state where you are holding red_box_1.
4. At least one state must exist where you are in room_4.
5. If you are in room_4 in some state, there must be an earlier state where you are holding grey_ball_1 or green_door_1 is not locked.
6. At least one state must exist where grey_door_1 is not locked.",F(grey_ball_in_room_4 & agent_in_room_4) & F(red_ball_1_in_room_4 & agent_in_room_1) & F(!purple_door_1_locked) & (holding_red_box_1 U !purple_door_1_locked) & F(agent_in_room_4) & ((holding_grey_ball_1 | !green_door_1_locked) U agent_in_room_4) & F(!grey_door_1_locked),"1. The goal is to have the grey ball in room_4 and for the agent to be in room_4. This is a final state goal, so we use F(grey_ball_in_room_4 & agent_in_room_4).

2. The first constraint requires that at least one state exists where red_ball_1 is in room_4 and the agent is in room_1. This is a simple existence constraint, so we use F(red_ball_1_in_room_4 & agent_in_room_1).

3. The second constraint requires that at least one state exists where purple_door_1 is not locked. This is another simple existence constraint, so we use F(!purple_door_1_locked).

4. The third constraint is a precedence constraint: if purple_door_1 is not locked, there must be an earlier state where the agent is holding red_box_1. This is expressed as holding_red_box_1 U !purple_door_1_locked.

5. The fourth constraint requires that at least one state exists where the agent is in room_4. This is a simple existence constraint, so we use F(agent_in_room_4).

6. The fifth constraint is a precedence constraint: if the agent is in room_4, there must be an earlier state where the agent is holding grey_ball_1 or green_door_1 is not locked. This is expressed as (holding_grey_ball_1 | !green_door_1_locked) U agent_in_room_4.

7. The sixth constraint requires that at least one state exists where grey_door_1 is not locked. This is a simple existence constraint, so we use F(!grey_door_1_locked).

Combining all these, we get the final LTL formula.","Fluents are predicates that describe the state of objects and the agent in the gridworld. For example, 'grey_ball_in_room_4' means the grey ball is in room 4, 'agent_in_room_4' means the agent is in room 4, and '!purple_door_1_locked' means purple door 1 is not locked.","1. Go to room_1
2. Pick up red_box_1 in room_1
3. Unlock purple_door_1 while holding red_box_1
4. Unlock grey_door_1
5. Go to room_4 through grey_door_1
6. Ensure grey_ball_1 is in room_4
7. Be in room_4 with grey_ball_1","Initial State Analysis: The agent starts in room_2 with access to a blue box. The grey ball is located in room_1, and the red ball is also in room_1. The agent needs to navigate through the rooms to achieve the goal of having the grey ball in room_4 while also being in room_4. The doors connecting the rooms must be considered, particularly the grey door which must be unlocked to access room_4. 

Goal Analysis: The final configuration requires the grey ball to be in room_4 and the agent to be in room_4 as well. 

Constraint Analysis: 
1. The first constraint requires that red_ball_1 must be in room_4 while the agent is in room_1. This means the agent must first move to room_1 and then manipulate the red ball. 
2. The second constraint states that purple_door_1 must not be locked, which means the agent must ensure it is unlocked. 
3. The third constraint indicates that the agent must be holding red_box_1 before purple_door_1 can be unlocked. 
4. The fourth constraint requires the agent to be in room_4 at some point. 
5. The fifth constraint states that if the agent is in room_4, they must have either grey_ball_1 or green_door_1 must be unlocked. 
6. The sixth constraint requires grey_door_1 to be unlocked before the agent can enter room_4. 

Subgoal Sequence: 
1. Move to room_1 to access red_ball_1. 
2. Pick up red_box_1 in room_1. 
3. Unlock purple_door_1 while holding red_box_1. 
4. Unlock grey_door_1 to access room_4. 
5. Move to room_4 through grey_door_1. 
6. Ensure grey_ball_1 is in room_4. 
7. Achieve the final state where the agent is in room_4 with grey_ball_1 present.","[['agent_in_room_2', 'grey_ball_in_room_1', 'red_ball_1_in_room_1', 'purple_door_1_locked', 'grey_door_1_locked', 'holding_red_box_1'], ['agent_in_room_1', 'grey_ball_in_room_1', 'red_ball_1_in_room_1', 'purple_door_1_locked', 'grey_door_1_locked', 'holding_red_box_1'], ['agent_in_room_1', 'grey_ball_in_room_1', 'red_ball_1_in_room_1', '!purple_door_1_locked', 'grey_door_1_locked', 'holding_red_box_1'], ['agent_in_room_1', 'grey_ball_in_room_1', 'red_ball_1_in_room_1', '!purple_door_1_locked', '!grey_door_1_locked', 'holding_red_box_1'], ['agent_in_room_4', 'grey_ball_in_room_1', 'red_ball_1_in_room_1', '!purple_door_1_locked', '!grey_door_1_locked', 'holding_red_box_1'], ['agent_in_room_4', 'grey_ball_in_room_1', 'red_ball_1_in_room_1', '!purple_door_1_locked', '!grey_door_1_locked', 'holding_red_box_1'], ['agent_in_room_4', 'grey_ball_in_room_1', 'red_ball_1_in_room_1', '!purple_door_1_locked', '!grey_door_1_locked', 'holding_red_box_1'], ['agent_in_room_4', 'grey_ball_in_room_1', 'red_ball_1_in_room_1', '!purple_door_1_locked', '!grey_door_1_locked', 'holding_red_box_1']]","The initial state is derived from the problem description, which states that the agent starts in room_2 with access to a blue box. Additionally, it mentions that the grey_ball_1 and red_ball_1 are located in room_1. Therefore, the initial state must reflect the agent's position, the presence of the balls in their respective rooms, and the state of the doors. The agent is not holding any objects at the start, and the doors are assumed to be locked unless stated otherwise. Thus, the initial state includes the following fluents: agent_in_room_2, grey_ball_in_room_1, red_ball_1_in_room_1, purple_door_1_locked, grey_door_1_locked, holding_red_box_1 (not holding anything), and the state of the blue box being in room_2. 

1. **State 0**: The agent is in room_2, not holding anything, and the grey_ball_1 and red_ball_1 are in room_1. The purple_door_1 and grey_door_1 are locked. 

For each plan step:

2. **Step 1**: The agent goes to room_1. After this step, the agent is now in room_1. The state of the balls and doors remains unchanged. 
   - **Fluents**: agent_in_room_1, grey_ball_in_room_1, red_ball_1_in_room_1, purple_door_1_locked, grey_door_1_locked, holding_red_box_1.

3. **Step 2**: The agent picks up red_box_1 in room_1. Now the agent is holding the red box. The state of the balls and doors remains unchanged. 
   - **Fluents**: agent_in_room_1, grey_ball_in_room_1, red_ball_1_in_room_1, purple_door_1_locked, grey_door_1_locked, holding_red_box_1.

4. **Step 3**: The agent unlocks purple_door_1 while holding red_box_1. The purple door is now unlocked. 
   - **Fluents**: agent_in_room_1, grey_ball_in_room_1, red_ball_1_in_room_1, !purple_door_1_locked, grey_door_1_locked, holding_red_box_1.

5. **Step 4**: The agent unlocks grey_door_1. The grey door is now unlocked. 
   - **Fluents**: agent_in_room_1, grey_ball_in_room_1, red_ball_1_in_room_1, !purple_door_1_locked, !grey_door_1_locked, holding_red_box_1.

6. **Step 5**: The agent goes to room_4 through grey_door_1. The agent is now in room_4. The state of the balls and doors remains unchanged. 
   - **Fluents**: agent_in_room_4, grey_ball_in_room_1, red_ball_1_in_room_1, !purple_door_1_locked, !grey_door_1_locked, holding_red_box_1.

7. **Step 6**: The agent ensures grey_ball_1 is in room_4. Since it was initially in room_1, this step does not change the state of the balls. 
   - **Fluents**: agent_in_room_4, grey_ball_in_room_1, red_ball_1_in_room_1, !purple_door_1_locked, !grey_door_1_locked, holding_red_box_1.

8. **Step 7**: The agent is in room_4 with grey_ball_1. The agent is still holding the red box, and the state of the balls remains unchanged. 
   - **Fluents**: agent_in_room_4, grey_ball_in_room_1, red_ball_1_in_room_1, !purple_door_1_locked, !grey_door_1_locked, holding_red_box_1.",False,5,failed,"WHAT WENT WRONG: The plan does not satisfy the constraint that requires the grey ball to be in room 4 before you can be in room 4. Furthermore, the purple door must be unlocked before you can move through it, which is not adequately addressed in the sequence of actions.
 HOW TO FIX: You need to ensure that the grey ball is moved to room 4 before you go to room 4. Additionally, make sure to unlock the purple door before attempting to go through it."
2026-02-06 12:13:50,108,babyai,4,"In this domain, you are an agent navigating a 2D gridworld consisting of four rooms arranged in a square formation. The rooms are labeled as room_1 (north-west), room_2 (south-west), room_3 (north-east), and room_4 (south-east). Each room can contain various objects, specifically boxes and balls, each of which has a color. The rooms are interconnected by doors, and the agent can perform a series of actions to interact with the environment, such as moving to objects, going through doors, picking up or dropping objects, and toggling the state of doors (locked or unlocked). The agent must follow specific preconditions to perform these actions, and the effects of actions change the state of the world accordingly. The goal is to manipulate the objects and navigate the rooms to achieve a desired state.","The initial state of the world has the agent in room_4, with various objects located in different rooms. The goal is to have a purple box (specifically purple_box_1) in room_1 while ensuring the agent is also in room_1. The agent must navigate through the rooms, potentially pick up and drop objects, and manage the state of the doors to achieve this goal.",The available actions in this domain include: 1. **gotoobject x r**: Move in front of object x in room r. You can only do this if you are in the same room as x. 2. **gotoempty**: Move in front of an empty position in the room. This can be done anytime. 3. **gotodoor d r1 r2**: Move in front of door d connecting room r1 and r2. You can only do this if you are in a room connected to d and there is no object blocking the door. 4. **gotoroom r1 r2 d**: Move to room r2 from room r1 using door d. You can only do this if you are in an adjacent room and the door is unlocked. 5. **pick x r**: Pick up object x in room r. You can only do this if you are in the same room as x and not holding anything. 6. **drop x r**: Drop object x in room r. You can only do this if you are holding x and the position in front of you is empty. 7. **toggle d**: Toggle the state of door d (lock/unlock). You can only do this if you are in front of d.,"The goal is to have a purple box (specifically purple_box_1) located in room_1, while also ensuring that the agent is present in room_1.","1. At least one of the following conditions must be true: you are holding some object, or blue_ball_1 is in room_2. 2. You must not be in room_2 at any time. 3. The green_door_1 must remain locked at all times. 4. At least one state must exist where green_door_2 is not locked. 5. If green_door_2 is not locked in some state, then you must be holding blue_ball_1 in that state or in some state after.",F(purple_box_1_in_room_1 & agent_in_room_1) & G(holding_some_object | blue_ball_1_in_room_2) & G(!agent_in_room_2) & G(green_door_1_locked) & F(!green_door_2_locked) & G(!green_door_2_locked -> F(holding_blue_ball_1)),"1. **Goal**: The goal is to have purple_box_1 in room_1 and the agent in room_1. This is a simple goal that must be true in the final state, so we use the Finally operator: F(purple_box_1_in_room_1 & agent_in_room_1).

2. **Constraint 1**: At least one of the following must be true: holding some object or blue_ball_1 is in room_2. This is a simple constraint that must be true at all times, so we use the Globally operator: G(holding_some_object | blue_ball_1_in_room_2).

3. **Constraint 2**: You must not be in room_2 at any time. This is a simple constraint that must be true at all times, so we use the Globally operator: G(!agent_in_room_2).

4. **Constraint 3**: The green_door_1 must remain locked at all times. This is a simple constraint that must be true at all times, so we use the Globally operator: G(green_door_1_locked).

5. **Constraint 4**: At least one state must exist where green_door_2 is not locked. This is a simple constraint that must be true at least once, so we use the Finally operator: F(!green_door_2_locked).

6. **Constraint 5**: If green_door_2 is not locked in some state, then you must be holding blue_ball_1 in that state or in some state after. This is a consequence constraint, so we use the Globally operator with implies and Finally: G(!green_door_2_locked -> F(holding_blue_ball_1)).

Combining all these, we get the final LTL formula.","Fluents are predicates that describe the state of the world, such as 'purple_box_1_in_room_1', 'agent_in_room_1', 'holding_some_object', 'blue_ball_1_in_room_2', 'agent_in_room_2', 'green_door_1_locked', 'green_door_2_locked', and 'holding_blue_ball_1'. Each fluent represents a specific condition or property of the world.","1. Ensure blue_ball_1 is in room_2.
2. Move to room_2 to pick up blue_ball_1.
3. Pick up blue_ball_1.
4. Unlock green_door_2.
5. Move to room_1.
6. Move purple_box_1 to room_1.
7. Ensure the agent is in room_1 with purple_box_1.","Initial State Analysis: The agent starts in room_4. The purple box (purple_box_1) is located in an unspecified room, and blue_ball_1 is also in an unspecified room. The state of the doors is unknown, but green_door_1 is locked and green_door_2's state is also unknown. 

Goal Analysis: The goal is to have purple_box_1 in room_1 and for the agent to be in room_1 as well. 

Constraint Analysis: 
1. At least one of the following conditions must be true: the agent is holding some object, or blue_ball_1 is in room_2. This means we need to ensure that either the agent picks up an object or blue_ball_1 is moved to room_2. 
2. The agent must not be in room_2 at any time, which restricts movement options. 
3. The green_door_1 must remain locked, so the agent cannot interact with it. 
4. At least one state must exist where green_door_2 is not locked, allowing for potential movement. 
5. If green_door_2 is not locked, the agent must be holding blue_ball_1 in that state or in a subsequent state. 

Subgoal Sequence: 
1. Ensure blue_ball_1 is in room_2 to satisfy the first constraint. 
2. Move to room_2 to pick up blue_ball_1. 
3. Pick up blue_ball_1 to satisfy the first constraint. 
4. Unlock green_door_2 to allow movement to room_1. 
5. Move to room_1 to position the agent there. 
6. Move purple_box_1 to room_1 to achieve the goal. 
7. Ensure the agent is in room_1 with purple_box_1. 

This sequence of actions will ensure that all constraints are satisfied while achieving the goal of having purple_box_1 in room_1 and the agent also in room_1.","[['agent_in_room_4', 'blue_ball_1_in_room_2', 'green_door_1_locked', 'green_door_2_locked', '!holding_some_object'], ['agent_in_room_4', 'blue_ball_1_in_room_2', 'green_door_1_locked', 'green_door_2_locked', '!holding_some_object'], ['agent_in_room_2', 'blue_ball_1_in_room_2', 'green_door_1_locked', 'green_door_2_locked', 'holding_blue_ball_1'], ['agent_in_room_2', 'blue_ball_1_in_room_2', 'green_door_1_locked', '!green_door_2_locked', 'holding_blue_ball_1'], ['agent_in_room_1', 'blue_ball_1_in_room_2', 'green_door_1_locked', '!green_door_2_locked', 'holding_blue_ball_1'], ['agent_in_room_1', 'blue_ball_1_in_room_2', 'green_door_1_locked', '!green_door_2_locked', 'holding_blue_ball_1', 'purple_box_1_in_room_1'], ['agent_in_room_1', 'blue_ball_1_in_room_2', 'green_door_1_locked', '!green_door_2_locked', 'holding_blue_ball_1', 'purple_box_1_in_room_1']]","The initial state of the world has the agent located in room_4. The problem description does not specify the presence of any objects in room_4, but it does mention that the agent must navigate to room_1 and that there is a purple box (purple_box_1) that needs to be moved there. Additionally, blue_ball_1 is mentioned to be in room_2. Therefore, the initial state will include the agent's location and the location of blue_ball_1. The state will also reflect that the green doors are locked, as there is no indication that they are unlocked. Thus, the initial state will include the following fluents: agent_in_room_4, blue_ball_1_in_room_2, green_door_1_locked, green_door_2_locked, and holding_some_object (which is false since the agent is not holding anything). 

1. **State 0**: The agent is in room_4, blue_ball_1 is in room_2, and both green doors are locked. The agent is not holding any object. 

For each step in the plan:

2. **Step 1**: Ensure blue_ball_1 is in room_2. This step does not change the state since blue_ball_1 is already in room_2. The state remains the same. 

3. **Step 2**: Move to room_2 to pick up blue_ball_1. After this step, the agent is now in room_2. The state updates to reflect this change. 

4. **Step 3**: Pick up blue_ball_1. After this step, the agent is holding blue_ball_1. The state updates to reflect that the agent is now holding the blue ball. 

5. **Step 4**: Unlock green_door_2. After this step, green_door_2 is now unlocked. The state updates to reflect this change. 

6. **Step 5**: Move to room_1. After this step, the agent is now in room_1. The state updates to reflect this change. 

7. **Step 6**: Move purple_box_1 to room_1. After this step, purple_box_1 is now in room_1. The state updates to reflect this change. 

8. **Step 7**: Ensure the agent is in room_1 with purple_box_1. This step does not change the state since the agent is already in room_1 with purple_box_1. The state remains the same. 

The final trace will reflect these states accurately, ensuring that each state corresponds to the actions taken in the plan.",False,5,failed,"WHAT WENT WRONG: The plan fails because the agent enters room 2, which is not allowed according to the constraints. Additionally, the requirement to have blue_ball_1 in room 2 is not necessary for achieving the goal of moving purple_box_1 to room 1.
 HOW TO FIX: You need to ensure that the agent does not enter room 2 at any point in the plan. Instead, consider a different approach to achieve the goal of having purple_box_1 in room 1 without needing to interact with blue_ball_1 in room 2."
2026-02-06 12:16:07,110,babyai,4,"In this domain, you are an agent navigating a 2D gridworld consisting of four rooms arranged in a square formation. The rooms are: room_1 (north-west), room_2 (south-west), room_3 (north-east), and room_4 (south-east). The rooms are connected by doors, and you can interact with various objects like boxes and balls, each having a specific color. The actions you can perform include moving to objects, moving to empty spaces, going through doors, picking up objects, dropping objects, and toggling the state of doors (locking or unlocking them). Each action has specific preconditions that must be met before it can be executed, and the effects of the actions change the state of the world accordingly. For example, you can only pick up an object if you are in the same room as the object and are not currently holding anything. The goal is to manipulate the objects and navigate the rooms to achieve a specific state, such as holding a grey ball in room_2.","The initial state of the world has you in room_4, with various boxes and a grey ball located in room_2. The goal is to end up holding a grey ball while being in room_2. You need to navigate through the rooms, pick up the grey ball, and ensure that you satisfy all constraints along the way.","1. **gotoobject x r**: This action allows you to go in front of an object x in room r. You can only do this if you are currently in the same room as the object. After performing this action, you will be in front of the specified object. 

2. **gotoempty**: This action lets you go in front of an empty position in the room. You can perform this action anytime, as there are no specific preconditions. After performing it, you will be in front of an empty space. 

3. **gotodoor d r1 r2**: This action allows you to go in front of a door d that connects room r1 to room r2. You can only do this if you are in a room that is connected to the door and there is no object blocking the position in front of the door. After performing this action, you will be in front of the door. 

4. **gotoroom r1 r2 d**: This action lets you move from room r1 to room r2 using door d. You can only do this if you are currently in an adjacent room and the door connecting the two rooms is unlocked. After performing this action, you will be in room r2. 

5. **pick x r**: This action allows you to pick up an object x in room r. You can only do this if you are in the same room as the object and are not currently holding anything. After performing this action, you will be carrying the object, and it will no longer be in the room. 

6. **drop x r**: This action lets you drop an object x in room r. You can only do this if you are currently holding the object and the position in front of you is empty. After performing this action, you will no longer be carrying the object, and it will be placed in the room. 

7. **toggle d**: This action allows you to toggle the state of a door d (lock or unlock it). You can only do this if you are in front of the door. After performing this action, the door will change its state from locked to unlocked or vice versa.",The goal is to have a grey ball in your possession while you are located in room_2.,"1. You must hold some object at least once during the sequence of actions.
2. If you hold an object at any point, you must have been in room_1 or an empty position must have been in room_2 at some earlier point.
3. The blue door (blue_door_1) must remain locked throughout the entire sequence of actions.
4. You must hold green_box_1 at least once during the sequence of actions.
5. You must hold the grey ball at least once during the sequence of actions.",F(in_room_2 & holding_grey_ball) & F(holding_object) & G(holding_object -> (in_room_1 | empty_in_room_2) U holding_object) & G(locked_blue_door_1) & F(holding_green_box_1) & F(holding_grey_ball),"1. **Goal**: The goal is to eventually be in room_2 while holding a grey ball. This is a simple goal that can be expressed as F(in_room_2 & holding_grey_ball).

2. **Constraint 1**: You must hold some object at least once. This is a simple constraint that can be expressed as F(holding_object).

3. **Constraint 2**: If you hold an object at any point, you must have been in room_1 or an empty position must have been in room_2 at some earlier point. This is a precedence constraint because it specifies a condition that must have been true before holding an object. It can be expressed as G(holding_object -> (in_room_1 | empty_in_room_2) U holding_object).

4. **Constraint 3**: The blue door must remain locked throughout the entire sequence. This is a simple constraint that can be expressed as G(locked_blue_door_1).

5. **Constraint 4**: You must hold green_box_1 at least once. This is a simple constraint that can be expressed as F(holding_green_box_1).

6. **Constraint 5**: You must hold the grey ball at least once. This is a simple constraint that can be expressed as F(holding_grey_ball).

Combining all these, the complete LTL formula is:
F(in_room_2 & holding_grey_ball) & F(holding_object) & G(holding_object -> (in_room_1 | empty_in_room_2) U holding_object) & G(locked_blue_door_1) & F(holding_green_box_1) & F(holding_grey_ball).","Fluents are predicates that describe the state of the world, such as 'in_room_2', 'holding_grey_ball', 'holding_object', 'in_room_1', 'empty_in_room_2', 'locked_blue_door_1', and 'holding_green_box_1'. These predicates are used to express conditions in the LTL formula.","1. Navigate to room_1 to pick up green_box_1.
2. Hold green_box_1 in room_1.
3. Navigate to room_2 while ensuring the blue door remains locked.
4. Pick up the grey ball in room_2.","Initial State Analysis: The agent starts in room_4, with the grey ball located in room_2. The agent is not holding any objects. The rooms are connected, and the agent can navigate through them. 

Goal Analysis: The goal is to hold the grey ball while being in room_2. This requires the agent to pick up the grey ball in room_2 after navigating there. 

Constraint Analysis: 
1. The agent must hold some object at least once during the sequence of actions. 
2. If the agent holds an object, it must have been in room_1 or an empty position must have been in room_2 at some earlier point. 
3. The blue door (blue_door_1) must remain locked throughout the entire sequence of actions. 
4. The agent must hold green_box_1 at least once during the sequence of actions. 
5. The agent must hold the grey ball at least once during the sequence of actions. 

Subgoal Sequence: 
1. Navigate to room_1 to pick up green_box_1, satisfying the requirement to hold an object. 
2. Move to room_2, ensuring that the agent has been in room_1 before holding an object. 
3. Hold green_box_1 in room_1. 
4. Ensure that the blue door remains locked while moving. 
5. Finally, pick up the grey ball in room_2 to achieve the goal of holding it. 

The sequence of actions must ensure that the agent holds green_box_1 before moving to room_2 and then picks up the grey ball there, while also keeping the blue door locked throughout the process.","[['in_room_4', 'empty_in_room_2', 'locked_blue_door_1', '!holding_object', '!holding_green_box_1', '!holding_grey_ball', '!in_room_1'], ['in_room_1', 'empty_in_room_2', 'locked_blue_door_1', '!holding_object', '!holding_green_box_1', '!holding_grey_ball', '!in_room_4'], ['in_room_1', 'empty_in_room_2', 'locked_blue_door_1', 'holding_green_box_1', '!holding_object', '!holding_grey_ball', '!in_room_4'], ['in_room_2', 'empty_in_room_2', 'locked_blue_door_1', 'holding_green_box_1', '!holding_object', '!holding_grey_ball', '!in_room_1'], ['in_room_2', '!empty_in_room_2', 'locked_blue_door_1', 'holding_green_box_1', '!holding_object', 'holding_grey_ball', '!in_room_1']]","The initial state of the world has the agent in room_4, and there are various objects in the rooms. Specifically, the agent is in room_4, and the grey ball is located in room_2. The problem does not mention any boxes in room_4, so we can assume that room_4 is empty. The grey ball is in room_2, and since it is not mentioned that it is being held or obstructed, we can assume it is clear and available to be picked up. The blue door is also mentioned to be locked, which we will include in the initial state. Therefore, the initial state (State 0) will include the agent's location, the status of the grey ball, the status of the blue door, and the fact that room_2 is empty. 

For each plan step:
1. The first step is to navigate to room_1 to pick up green_box_1. After this step, the agent will be in room_1, but we do not know the status of green_box_1 since it is not mentioned in the initial state. However, we can assume that the agent is not holding anything yet. 
2. The second step is to hold green_box_1 in room_1. After this step, the agent will be holding green_box_1, and we can update the state accordingly. 
3. The third step is to navigate to room_2 while ensuring the blue door remains locked. After this step, the agent will be in room_2, but we still do not know the status of the grey ball until the next step. 
4. The final step is to pick up the grey ball in room_2. After this step, the agent will be holding the grey ball, and we can finalize the state. 

Thus, the trace will reflect these transitions clearly.",False,5,failed,"WHAT WENT WRONG: The plan does not include a step where you hold the green box, which is necessary to meet one of the constraints. Furthermore, the sequence does not guarantee that you will end up holding the grey ball in room_2, which is the ultimate goal.
 HOW TO FIX: You need to ensure that you hold the green box before navigating to room_2. Additionally, you should pick up the grey ball after holding the green box, ensuring that you satisfy all constraints in the correct order."
2026-02-06 12:18:10,113,babyai,4,"In this domain, you are an agent navigating a 2D gridworld consisting of four rooms arranged in a square formation. The rooms are connected by doors, and you can interact with various objects, including boxes and balls, each of which has a specific color. The actions you can take include moving to objects or empty spaces, going through doors, picking up or dropping objects, and toggling the state of doors (locking or unlocking them). Each action has specific preconditions that must be met before it can be performed, and the effects of the actions change the state of the world accordingly. For example, you can only pick up an object if you are in the same room as it and not holding anything else. The goal is to manipulate the objects and navigate the rooms to achieve a specific state, such as holding a yellow ball.","You start in room_2, where you have access to yellow_ball_1, grey_box_1, yellow_box_1, and grey_box_2. The goal is to ensure that there is a yellow ball in the world, specifically that you are holding grey_box_2 and that you can eventually be in room_3 with yellow_ball_1.","You can perform several actions in this gridworld. Here’s a breakdown of what each action does and its limitations:

1. **gotoobject x r**: This action allows you to go in front of an object x in room r. However, you can only do this if you are already in the same room as the object.

2. **gotoempty**: This action lets you go in front of an empty position in the room. You can do this anytime, as there are no specific constraints.

3. **gotodoor d r1 r2**: This action allows you to go in front of a door d that connects room r1 to room r2. You can only do this if you are in a room that has the door and there is no object blocking the door.

4. **gotoroom r1 r2 d**: This action lets you move from room r1 to room r2 using door d. You can only perform this action if you are currently in an adjacent room and the door connecting the two rooms is unlocked.

5. **pick x r**: This action allows you to pick up an object x in room r. You can only do this if you are in the same room as the object and you are not currently holding anything.

6. **drop x r**: This action lets you drop an object x in room r. You can only drop an object if you are currently holding it and the position in front of you is empty.

7. **toggle d**: This action allows you to unlock or lock door d. You can only toggle a door if you are standing in front of it.","The goal is to ensure that there is a yellow ball in the world, specifically that you are holding grey_box_2 and that you can eventually be in room_3 with yellow_ball_1.","1. You must hold some object at least once during the plan.
2. You must hold grey_box_2 at least once during the plan.
3. You must be in room_3 at least once during the plan.
4. Yellow_ball_1 must be in room_3 at least once during the plan.",F(holding_grey_box_2 & in_room_3 & yellow_ball_1_in_room_3) & F(holding) & F(holding_grey_box_2) & F(in_room_3) & F(yellow_ball_1_in_room_3),"The goal is to eventually be in room_3 with yellow_ball_1 while holding grey_box_2. This is a consequence constraint because it specifies a final state that must be achieved. Therefore, we use F(holding_grey_box_2 & in_room_3 & yellow_ball_1_in_room_3) to ensure this state is eventually reached.

For the constraints:
1. ""You must hold some object at least once during the plan"" is a simple constraint that requires holding an object at least once, represented as F(holding).
2. ""You must hold grey_box_2 at least once during the plan"" is another simple constraint, represented as F(holding_grey_box_2).
3. ""You must be in room_3 at least once during the plan"" is a simple constraint, represented as F(in_room_3).
4. ""Yellow_ball_1 must be in room_3 at least once during the plan"" is a simple constraint, represented as F(yellow_ball_1_in_room_3).

Combining these, the complete LTL formula is:
F(holding_grey_box_2 & in_room_3 & yellow_ball_1_in_room_3) & F(holding) & F(holding_grey_box_2) & F(in_room_3) & F(yellow_ball_1_in_room_3).","Fluents are predicates that describe the state of the world, such as holding_grey_box_2, in_room_3, and yellow_ball_1_in_room_3. These predicates are used to express conditions that must be true in certain states.","1. Move yellow_ball_1 to room_3.
2. Pick up grey_box_2 in room_2.
3. Go to room_3 while holding grey_box_2.
4. Ensure yellow_ball_1 is in room_3.","Initial State Analysis: I start in room_2, where I have access to yellow_ball_1, grey_box_1, yellow_box_1, and grey_box_2. I am not holding any object at the moment. The goal is to hold grey_box_2 and be in room_3 with yellow_ball_1 present. 

Goal Analysis: The final configuration requires me to hold grey_box_2 while being in room_3, where yellow_ball_1 must also be present. 

Constraint Analysis: 
1. I must hold some object at least once during the plan. This requires me to pick up an object at some point. 
2. I must hold grey_box_2 at least once during the plan. This requires me to pick up grey_box_2 specifically. 
3. I must be in room_3 at least once during the plan. This requires me to navigate to room_3. 
4. Yellow_ball_1 must be in room_3 at least once during the plan. This requires me to move yellow_ball_1 to room_3. 

Subgoal Sequence: 
1. Move yellow_ball_1 to room_3. 
2. Go to room_2 and pick up grey_box_2. 
3. Move to room_3 while holding grey_box_2. 
4. Ensure yellow_ball_1 is in room_3. 

The sequence of actions will ensure that I meet all constraints and achieve the goal effectively. I will first focus on moving yellow_ball_1 to room_3, then pick up grey_box_2, and finally navigate to room_3 with grey_box_2 while ensuring yellow_ball_1 is present there.","[['holding(false)', 'in_room_2', 'yellow_ball_1_in_room_2', 'grey_box_1_in_room_2', 'yellow_box_1_in_room_2', 'grey_box_2_in_room_2', 'clear(grey_box_1)', 'clear(yellow_box_1)', 'clear(grey_box_2)'], ['holding(false)', 'in_room_2', 'yellow_ball_1_in_room_3', 'grey_box_1_in_room_2', 'yellow_box_1_in_room_2', 'grey_box_2_in_room_2', 'clear(grey_box_1)', 'clear(yellow_box_1)', 'clear(grey_box_2)'], ['holding(grey_box_2)', 'in_room_2', 'yellow_ball_1_in_room_3', 'grey_box_1_in_room_2', 'yellow_box_1_in_room_2', 'grey_box_2_in_room_2', '!clear(grey_box_2)', 'clear(grey_box_1)', 'clear(yellow_box_1)'], ['holding(grey_box_2)', 'in_room_3', 'yellow_ball_1_in_room_3', 'grey_box_1_in_room_2', 'yellow_box_1_in_room_2', '!clear(grey_box_2)', 'clear(grey_box_1)', 'clear(yellow_box_1)'], ['holding(grey_box_2)', 'in_room_3', 'yellow_ball_1_in_room_3', 'grey_box_1_in_room_2', 'yellow_box_1_in_room_2', '!clear(grey_box_2)', 'clear(grey_box_1)', 'clear(yellow_box_1)']]","In the initial state, I start in room_2 with access to the following objects: yellow_ball_1, grey_box_1, yellow_box_1, and grey_box_2. Since I am in room_2, I can express the following fluents: I am not holding anything (holding is false), I am in room_2, and the yellow_ball_1 is in room_2. The grey_box_2 is also in room_2, and since there are no other objects on top of it, it is clear. The yellow_box_1 and grey_box_1 are also in room_2 and are clear as well. Therefore, the initial state (State 0) includes the following fluents: holding is false, I am in room_2, yellow_ball_1 is in room_2, grey_box_2 is in room_2, grey_box_2 is clear, grey_box_1 is in room_2 and clear, and yellow_box_1 is in room_2 and clear. 

For each plan step:
1. **Move yellow_ball_1 to room_3**: After this step, yellow_ball_1 will be in room_3, and I will still be in room_2. The fluents that become true are: yellow_ball_1_in_room_3 is true, and holding remains false. The resulting state reflects that yellow_ball_1 is now in room_3.

2. **Pick up grey_box_2 in room_2**: After this step, I will be holding grey_box_2. The fluents that become true are: holding is true, holding_grey_box_2 is true, and grey_box_2 is no longer clear. The resulting state reflects that I am now holding grey_box_2.

3. **Go to room_3 while holding grey_box_2**: After this step, I will be in room_3 while still holding grey_box_2. The fluents that become true are: in_room_3 is true. The resulting state reflects that I am now in room_3 with grey_box_2.

4. **Ensure yellow_ball_1 is in room_3**: After this step, I confirm that yellow_ball_1 is in room_3. The fluents that become true are: yellow_ball_1_in_room_3 is true. The resulting state reflects that I have confirmed yellow_ball_1 is in room_3.",False,5,failed,"WHAT WENT WRONG: The plan did not create a situation where you were holding grey_box_2 while also being in room_3 with yellow_ball_1. This means that the necessary conditions for the goal were never met simultaneously.
 HOW TO FIX: You need to ensure that you hold grey_box_2 before moving to room_3. Consider rearranging the steps so that you pick up grey_box_2 first, then move to room_3, ensuring that yellow_ball_1 is also present there."
2026-02-06 12:18:43,114,babyai,4,"In this domain, you are an agent navigating a 2D gridworld consisting of four rooms arranged in a square formation. The rooms are: room_1 (north-west), room_2 (south-west), room_3 (north-east), and room_4 (south-east). The rooms are connected by doors, and you can interact with various objects like boxes and balls, each having a specific color. The actions you can perform include moving to objects or empty spaces, going through doors, picking up and dropping objects, and toggling the state of doors (locking or unlocking them). Each action has specific preconditions that must be met before it can be executed, and the effects of actions change the state of the world accordingly. For example, you can only pick up an object if you are in the same room and not holding anything, and you can only go through a door if it is unlocked and you are in an adjacent room.","You start in room_2, where you need to navigate to room_1 to ensure that the purple box is there and that you are also in room_1. The initial state has various objects in different rooms, and you are not holding any object. The goal is to have the purple box in room_1 and for you to be in room_1 as well.","You can perform several actions in this gridworld. Here’s a breakdown of what you can do:

1. **Go to Object (gotoobject x r)**: You can go in front of an object x in room r, but you can only do this if you are already in the same room as x.

2. **Go to Empty (gotoempty)**: You can go in front of an empty position in the room at any time, as there are no specific constraints for this action.

3. **Go to Door (gotodoor d r1 r2)**: You can go in front of a door d connecting room r1 to room r2, but you must be in a room that has this door and there must be no object blocking the position in front of the door.

4. **Go to Room (gotoroom r1 r2 d)**: You can go to room r2 from room r1 using door d, but you must be in room r1, the door d must be unlocked, and room r2 must be adjacent to room r1.

5. **Pick (pick x r)**: You can pick up an object x in room r, but you must be in the same room as x and not holding anything else.

6. **Drop (drop x r)**: You can drop an object x in room r, but you must be holding x and the position in front of you must be empty.

7. **Toggle (toggle d)**: You can toggle the state of door d (lock or unlock it) if you are in front of it.",The goal is to ensure that the purple box is in room_1 and that you are also in room_1.,"1. You must hold some object at least once during the plan.
2. The yellow door must be unlocked at least once during the plan.
3. The red door must remain locked at all times.
4. At least one of the following must be true at least once: the yellow door is not locked, or you are holding the blue box.",F(in_room_1 & purple_box_in_room_1) & F(holding_object) & F(yellow_door_unlocked) & G(red_door_locked) & F(!yellow_door_locked | holding_blue_box),"1. **Goal**: The goal is to ensure that both the agent and the purple box are in room_1. This is a final state requirement, so we use the 'Finally' operator: F(in_room_1 & purple_box_in_room_1).

2. **Constraint 1**: You must hold some object at least once during the plan. This is a simple constraint that requires an event to happen at least once, so we use the 'Finally' operator: F(holding_object).

3. **Constraint 2**: The yellow door must be unlocked at least once during the plan. This is another simple constraint requiring an event to happen at least once, so we use the 'Finally' operator: F(yellow_door_unlocked).

4. **Constraint 3**: The red door must remain locked at all times. This is a global constraint, so we use the 'Globally' operator: G(red_door_locked).

5. **Constraint 4**: At least one of the following must be true at least once: the yellow door is not locked, or you are holding the blue box. This is a disjunctive constraint that requires at least one of the conditions to be true at least once, so we use the 'Finally' operator with an 'Or': F(!yellow_door_locked | holding_blue_box).

Combining all these, we get the complete LTL formula.","Fluents are predicates representing conditions in the world, such as 'in_room_1' for the agent being in room 1, 'purple_box_in_room_1' for the purple box being in room 1, 'holding_object' for holding any object, 'yellow_door_unlocked' for the yellow door being unlocked, 'red_door_locked' for the red door being locked, and 'holding_blue_box' for holding the blue box.","1. Unlock the yellow door to allow passage to room_1.
2. Go to room_1 through the yellow door.
3. Pick up the purple box in room_1.
4. Ensure that I am in room_1 with the purple box.","Initial State Analysis: I start in room_2, where I have no objects in my possession. The purple box is located in room_1, and I need to navigate to room_1 to ensure the purple box is there and that I am also in room_1. The yellow door connects room_2 and room_1, while the red door connects room_2 and room_4. The red door is locked, and I need to ensure it remains locked throughout the plan. 

Goal Analysis: The final configuration requires that the purple box is in room_1 and that I am also in room_1. 

Constraint Analysis: 
1. I must hold some object at least once during the plan. This means I need to pick up an object in one of the rooms. 
2. The yellow door must be unlocked at least once during the plan. I will need to toggle the yellow door to unlock it before passing through. 
3. The red door must remain locked at all times. I will ensure that I do not perform any actions that would unlock the red door. 
4. At least one of the following must be true at least once: the yellow door is not locked, or I am holding the blue box. I will unlock the yellow door to satisfy this constraint. 

Subgoal Sequence: 
1. Unlock the yellow door to allow passage to room_1. 
2. Move to room_1 through the yellow door. 
3. Pick up the purple box in room_1 to satisfy the requirement of holding an object. 
4. Ensure that I am in room_1 with the purple box, achieving the goal. 

This sequence of actions will ensure that all constraints are satisfied while achieving the goal of being in room_1 with the purple box.","[['in_room_2', 'yellow_door_locked', 'red_door_locked', '!holding_object', '!purple_box_in_room_1', '!yellow_door_unlocked', '!holding_blue_box'], ['in_room_2', '!yellow_door_locked', 'red_door_locked', '!holding_object', '!purple_box_in_room_1', 'yellow_door_unlocked', '!holding_blue_box'], ['in_room_1', '!yellow_door_locked', 'red_door_locked', '!holding_object', '!purple_box_in_room_1', 'yellow_door_unlocked', '!holding_blue_box'], ['in_room_1', '!yellow_door_locked', 'red_door_locked', 'holding_object', 'purple_box_in_room_1', 'yellow_door_unlocked', '!holding_blue_box'], ['in_room_1', '!yellow_door_locked', 'red_door_locked', 'holding_object', 'purple_box_in_room_1', 'yellow_door_unlocked', '!holding_blue_box']]","The initial state is derived from the problem description, which states that the agent starts in room_2 and is not holding any object. The goal is to have the purple box in room_1 and for the agent to be in room_1 as well. The description does not specify the state of the doors, but since the agent needs to unlock the yellow door, we can infer that it is initially locked. Therefore, the initial state includes the agent's position, the status of the doors, and the location of the purple box. The purple box is not mentioned to be in room_2, so we assume it is not there. Thus, the initial state includes the agent in room_2, the yellow door locked, the red door locked, and the purple box not in room_1. 

1. **State 0**: The agent is in room_2, not holding any object, the yellow door is locked, the red door is locked, and the purple box is not in room_1. 

2. **Step 1**: The action is to unlock the yellow door. After this step, the agent is still in room_2, but the yellow door is now unlocked. The red door remains locked, and the agent is still not holding any object. 

3. **Step 2**: The action is to go to room_1 through the yellow door. After this step, the agent is now in room_1, the yellow door remains unlocked, the red door is still locked, and the agent is still not holding any object. The purple box is still not confirmed to be in room_1. 

4. **Step 3**: The action is to pick up the purple box in room_1. After this step, the agent is in room_1, holding the purple box, the yellow door remains unlocked, and the red door is still locked. 

5. **Step 4**: The action is to ensure that the agent is in room_1 with the purple box. After this step, the agent is still in room_1, holding the purple box, the yellow door remains unlocked, and the red door is still locked. The purple box is now confirmed to be in room_1. 

The resulting states reflect the changes after each action, ensuring that all fluents are consistent with the actions taken.",True,1,completed,
2026-02-06 12:19:18,118,babyai,4,"In this domain, you are an agent navigating a 2D gridworld consisting of four rooms arranged in a square formation. The rooms are connected by doors, and you can interact with various objects like boxes and balls, each having a specific color. The actions you can perform include moving to objects or empty spaces, going through doors, picking up and dropping objects, and toggling the state of doors (locking or unlocking them). Each action has specific preconditions that must be met before it can be executed, and the effects of the actions change the state of the world accordingly. For example, you can only pick up an object if you are in the same room as the object and not holding anything else. The goal is to manipulate the environment to achieve specific conditions, such as unlocking a door or holding a particular object.","You start in room_4 with various objects in different rooms. The goal is to ensure that there is a yellow door connecting room_1 and room_3 that is unlocked. You need to navigate through the rooms, interact with objects, and manage the doors to achieve this goal while adhering to the constraints provided.","1. **gotoobject x r**: This action allows you to go in front of an object x in room r. However, you can only do this if you are currently in the same room as the object. After performing this action, you will be in front of the specified object. 

2. **gotoempty**: This action lets you go in front of an empty position in the room. You can perform this action anytime, as there are no specific preconditions. After doing this, you will be in front of an empty space. 

3. **gotodoor d r1 r2**: You can go in front of a door d that connects room r1 to room r2, but only if you are in a room that is adjacent to d and there is no object blocking the position in front of the door. After this action, you will be in front of the door. 

4. **gotoroom r1 r2 d**: This action allows you to move from room r1 to room r2 using door d. You can only do this if you are currently in an adjacent room and the door is unlocked. After performing this action, you will be in room r2. 

5. **pick x r**: You can pick up an object x in room r, but only if you are in the same room as x and not holding anything else. After picking up the object, you will be carrying it, and it will no longer be in the room. 

6. **drop x r**: This action lets you drop an object x in room r, but you can only do this if you are currently holding x and the position in front of you is empty. After dropping the object, you will no longer be carrying it, and it will be placed in the room. 

7. **toggle d**: You can toggle the state of a door d (lock or unlock it) if you are standing in front of it. After this action, if the door was locked, it will become unlocked, and vice versa.","The goal is to have a yellow door that connects room_1 and room_3, and this door must be unlocked.","1. You must be holding some object at least once during the sequence of actions.
2. You must never be in room_3 at any point in the sequence of actions.
3. You must be holding red_box_2 at least once during the sequence of actions.
4. The purple door must remain locked throughout the sequence of actions.",F(unlocked_yellow_door) & F(holding_some_object) & G(!in_room_3) & F(holding_red_box_2) & G(locked_purple_door),"1. **Goal**: The goal is to have the yellow door between room_1 and room_3 unlocked. This is a condition that must be true in the final state, so we use the 'Finally' operator: F(unlocked_yellow_door).

2. **Constraint 1**: You must be holding some object at least once during the sequence. This is a simple constraint that requires the condition to be true at least once, so we use the 'Finally' operator: F(holding_some_object).

3. **Constraint 2**: You must never be in room_3. This is a global constraint that must always be true, so we use the 'Globally' operator: G(!in_room_3).

4. **Constraint 3**: You must be holding red_box_2 at least once during the sequence. Similar to Constraint 1, this is a simple constraint requiring the condition to be true at least once, so we use the 'Finally' operator: F(holding_red_box_2).

5. **Constraint 4**: The purple door must remain locked throughout the sequence. This is a global constraint that must always be true, so we use the 'Globally' operator: G(locked_purple_door).

Combining all these, we form the complete LTL formula by using logical conjunctions (AND) to ensure all conditions are satisfied.","Fluents are predicates that describe the state of the world, such as 'unlocked_yellow_door', 'holding_some_object', 'in_room_3', 'holding_red_box_2', and 'locked_purple_door'. Each fluent represents a specific condition or property of the world.","1. Navigate to room_1 or room_2 to find an object.
2. Pick up red_box_2 in room_1 or room_2.
3. Navigate to the yellow door connecting room_1 and room_3.
4. Unlock the yellow door.","Initial State Analysis: The agent starts in room_4. The rooms are arranged in a square formation, and there are various objects in different rooms. The yellow door connecting room_1 and room_3 is currently locked. The agent needs to navigate through the rooms and interact with objects to achieve the goal. 

Goal Analysis: The goal is to ensure that the yellow door connecting room_1 and room_3 is unlocked. This requires the agent to toggle the door's state from locked to unlocked. 

Constraint Analysis: 
1. The agent must be holding some object at least once during the sequence of actions. This means the agent needs to pick up an object at some point. 
2. The agent must never be in room_3 at any point in the sequence of actions. This requires careful navigation to avoid entering room_3. 
3. The agent must be holding red_box_2 at least once during the sequence of actions. This means the agent needs to locate and pick up red_box_2. 
4. The purple door must remain locked throughout the sequence of actions. This means the agent cannot interact with the purple door in any way that would unlock it. 

Subgoal Sequence: 
1. Navigate to room_1 or room_2 to find an object to pick up. 
2. Pick up an object (preferably red_box_2) to satisfy the requirement of holding an object. 
3. Ensure that the agent does not enter room_3 while performing actions. 
4. Toggle the yellow door to unlock it, achieving the goal. 
5. Ensure that the purple door remains locked throughout the process. 

The plan will involve navigating to the necessary rooms, picking up the required object, and unlocking the yellow door while adhering to the constraints.","[['in_room_4', 'locked_yellow_door', '!holding_some_object', '!holding_red_box_2', '!in_room_3', 'locked_purple_door'], ['in_room_4', 'locked_yellow_door', '!holding_some_object', '!holding_red_box_2', '!in_room_3', 'locked_purple_door'], ['in_room_4', 'locked_yellow_door', 'holding_red_box_2', 'holding_some_object', '!in_room_3', 'locked_purple_door'], ['in_room_4', 'locked_yellow_door', 'holding_red_box_2', 'holding_some_object', '!in_room_3', 'locked_purple_door'], ['in_room_4', 'unlocked_yellow_door', 'holding_red_box_2', 'holding_some_object', '!in_room_3', 'locked_purple_door']]","In the problem description, we start in room_4, and we need to identify the initial state of the environment based on the objects and their conditions. The goal is to ensure that the yellow door connecting room_1 and room_3 is unlocked. The initial state must reflect the conditions of the rooms and the doors. Since we are in room_4, we can assume that the yellow door is locked initially, and we are not holding any objects. The initial state will include the fact that we are in room_4, the yellow door is locked, and we are not holding any object. 

For the plan steps:
1. The first step is to navigate to room_1 or room_2. After this step, we will still be in room_4, but we will have the potential to find an object in either room_1 or room_2. 
2. The second step involves picking up red_box_2 in room_1 or room_2. After this step, we will be holding red_box_2. 
3. The third step is to navigate to the yellow door connecting room_1 and room_3. After this step, we will be in the vicinity of the yellow door. 
4. The final step is to unlock the yellow door. After this step, the yellow door will be unlocked. 

Now, I will express these states in the required fluent syntax.",True,1,completed,
2026-02-06 12:22:18,120,babyai,4,"In this domain, you are an agent navigating a 2D gridworld consisting of four rooms arranged in a square formation. The rooms are: room_1 (north-west), room_2 (south-west), room_3 (north-east), and room_4 (south-east). The rooms are connected by doors, and you can interact with various objects like boxes and balls, each having a specific color. The actions you can take include moving to objects or empty spaces, going through doors, picking up or dropping objects, and toggling the state of doors (locking or unlocking them). Each action has specific preconditions that must be met before you can perform it, and the effects of the actions change the state of the world accordingly. For example, you can only pick up an object if you are in the same room as it and not holding anything else. Similarly, you can only go through a door if it is unlocked and you are in the adjacent room.","The initial state of the world has you in room_4, with various balls and a box located in rooms 1, 2, and 3. The goal is to ensure that there is a blue door that is not locked. You need to navigate through the rooms, interact with the objects, and manage the doors to achieve this goal while adhering to the constraints provided.","You can perform several actions in this gridworld:
1. **gotoobject x r**: Move in front of object x in room r. You can only do this if you are in the same room as x.
2. **gotoempty**: Move in front of an empty position in the room. You can do this anytime.
3. **gotodoor d r1 r2**: Move in front of door d connecting room r1 and room r2. You can only do this if you are in a room connected to d and nothing is blocking the door.
4. **gotoroom r1 r2 d**: Move from room r1 to room r2 using door d. You can only do this if you are in an adjacent room and the door is unlocked.
5. **pick x r**: Pick up object x in room r. You can only do this if you are in the same room as x and not holding anything.
6. **drop x r**: Drop object x in room r. You can only do this if you are holding x and the position in front of you is empty.
7. **toggle d**: Unlock door d if it is locked, or lock it if it is unlocked. You can only do this if you are in front of d.",The goal is to have a blue door that is not locked in the gridworld.,"1. You must always be in room_4 at least once during the plan.
2. If you are in room_4, you must eventually be in room_1.
3. At least once, the purple_door_2 must be unlocked.
4. If purple_door_2 is unlocked, you must have been in room_3 or holding purple_ball_2 at some point before.
5. At least once, both grey_door_1 must be unlocked and you must be holding purple_ball_2.
6. You must be in room_3 at least once.
7. If you are in room_3, you must have been holding green_ball_1 or blue_ball_1 must be in room_1 at some point before.",F(blue_door_unlocked) & F(in_room_4) & G(in_room_4 -> F(in_room_1)) & F(purple_door_2_unlocked) & ((in_room_3 | holding_purple_ball_2) U purple_door_2_unlocked) & F(grey_door_1_unlocked & holding_purple_ball_2) & F(in_room_3) & ((holding_green_ball_1 | blue_ball_1_in_room_1) U in_room_3),"1. **Goal**: The goal is to have a blue door that is not locked. This is a simple goal that must be true at some point, so we use the Finally operator: F(blue_door_unlocked).

2. **Constraint 1**: You must always be in room_4 at least once during the plan. This is a simple constraint that must be true at least once, so we use the Finally operator: F(in_room_4).

3. **Constraint 2**: If you are in room_4, you must eventually be in room_1. This is a consequence constraint, as being in room_4 implies that you will eventually be in room_1. We use the Implies and Finally operators: G(in_room_4 -> F(in_room_1)).

4. **Constraint 3**: At least once, the purple_door_2 must be unlocked. This is a simple constraint that must be true at least once, so we use the Finally operator: F(purple_door_2_unlocked).

5. **Constraint 4**: If purple_door_2 is unlocked, you must have been in room_3 or holding purple_ball_2 at some point before. This is a precedence constraint, as unlocking purple_door_2 requires a prior condition. We use the Until operator: (in_room_3 | holding_purple_ball_2) U purple_door_2_unlocked.

6. **Constraint 5**: At least once, both grey_door_1 must be unlocked and you must be holding purple_ball_2. This is a simple constraint that must be true at least once, so we use the Finally operator: F(grey_door_1_unlocked & holding_purple_ball_2).

7. **Constraint 6**: You must be in room_3 at least once. This is a simple constraint that must be true at least once, so we use the Finally operator: F(in_room_3).

8. **Constraint 7**: If you are in room_3, you must have been holding green_ball_1 or blue_ball_1 must be in room_1 at some point before. This is a precedence constraint, as being in room_3 requires a prior condition. We use the Until operator: (holding_green_ball_1 | blue_ball_1_in_room_1) U in_room_3.

Combining all these, we get the final LTL formula.","Fluents are predicates representing the state of the world, such as 'blue_door_unlocked' for the blue door being unlocked, 'in_room_4' for being in room 4, and 'holding_purple_ball_2' for holding the purple ball 2.","1. Ensure to be in room_4 at least once.
2. Move to room_1 to satisfy the requirement of being in that room.
3. Unlock purple_door_2 to ensure it is not locked.
4. Hold purple_ball_2 while unlocking grey_door_1.
5. Ensure blue_ball_1 is in room_1 before moving to room_3.
6. Move to room_3 to satisfy the requirement of being in that room.
7. Ensure that the blue door is not locked.","Initial State Analysis: The agent starts in room_4. The rooms contain various objects, including balls and a box, but the specific locations of these objects are not detailed. The agent needs to navigate through the rooms and manage the doors to achieve the goal of having a blue door that is not locked. 

Goal Analysis: The goal is to ensure that there is a blue door that is not locked. This requires the agent to interact with the doors and possibly the objects in the rooms to achieve this state. 

Constraint Analysis: 
1. The agent must be in room_4 at least once during the plan. 
2. If the agent is in room_4, they must eventually be in room_1. 
3. The purple_door_2 must be unlocked at least once. 
4. If purple_door_2 is unlocked, the agent must have been in room_3 or holding purple_ball_2 at some point before. 
5. Both grey_door_1 must be unlocked and the agent must be holding purple_ball_2 at least once. 
6. The agent must be in room_3 at least once. 
7. If the agent is in room_3, they must have been holding green_ball_1 or blue_ball_1 must be in room_1 at some point before. 

Subgoal Sequence: 
1. Start in room_4 and ensure to visit room_1 later. 
2. Move to room_3 to satisfy the requirement of being in that room. 
3. Unlock purple_door_2 to satisfy the unlocking constraint. 
4. Ensure to hold purple_ball_2 while also unlocking grey_door_1. 
5. Ensure that blue_ball_1 is in room_1 before moving to room_3. 
6. Finally, ensure that the blue door is not locked. 

The plan will be structured to ensure that all constraints are satisfied while achieving the goal of having a blue door that is not locked.","[['in_room_4', 'blue_door_unlocked', '!purple_door_2_unlocked', '!grey_door_1_unlocked', '!holding_green_ball_1', '!holding_purple_ball_2', '!blue_ball_1_in_room_1', '!in_room_1', '!in_room_3'], ['in_room_4', 'blue_door_unlocked', '!purple_door_2_unlocked', '!grey_door_1_unlocked', '!holding_green_ball_1', '!holding_purple_ball_2', '!blue_ball_1_in_room_1', 'in_room_1', '!in_room_3'], ['!in_room_4', 'blue_door_unlocked', 'purple_door_2_unlocked', '!grey_door_1_unlocked', '!holding_green_ball_1', '!holding_purple_ball_2', '!blue_ball_1_in_room_1', 'in_room_1', '!in_room_3'], ['!in_room_4', 'blue_door_unlocked', 'purple_door_2_unlocked', 'grey_door_1_unlocked', '!holding_green_ball_1', 'holding_purple_ball_2', '!blue_ball_1_in_room_1', 'in_room_1', '!in_room_3'], ['!in_room_4', 'blue_door_unlocked', 'purple_door_2_unlocked', 'grey_door_1_unlocked', '!holding_green_ball_1', 'holding_purple_ball_2', '!blue_ball_1_in_room_1', 'in_room_1', '!in_room_3'], ['!in_room_4', 'blue_door_unlocked', 'purple_door_2_unlocked', 'grey_door_1_unlocked', '!holding_green_ball_1', 'holding_purple_ball_2', '!blue_ball_1_in_room_1', '!in_room_1', 'in_room_3'], ['!in_room_4', 'blue_door_unlocked', 'purple_door_2_unlocked', 'grey_door_1_unlocked', '!holding_green_ball_1', 'holding_purple_ball_2', '!blue_ball_1_in_room_1', '!in_room_1', 'in_room_3']]","The initial state of the world has the agent in room_4, and there are various objects located in rooms 1, 2, and 3. Based on the problem description, we can infer the following fluents: 
- The agent is in room_4, so we have 'in_room_4' as true. 
- There is a blue door that is not locked, so 'blue_door_unlocked' is true. 
- The problem does not specify the state of the other doors or the balls, but we can assume that the purple door in room_2 is locked initially, so 'purple_door_2_unlocked' is false. 
- The grey door in room_1 is also assumed to be locked, so 'grey_door_1_unlocked' is false. 
- The problem does not mention the presence of any balls in room_4, so we assume the agent is not holding any balls, making 'holding_green_ball_1' and 'holding_purple_ball_2' false. 
- The problem does not specify the presence of blue_ball_1 in room_1, so we assume it is not there, making 'blue_ball_1_in_room_1' false. 
- The agent is not in room_1 or room_3, so 'in_room_1' and 'in_room_3' are false. 

Thus, the initial state (State 0) is: 
- in_room_4 
- blue_door_unlocked 
- !purple_door_2_unlocked 
- !grey_door_1_unlocked 
- !holding_green_ball_1 
- !holding_purple_ball_2 
- !blue_ball_1_in_room_1 
- !in_room_1 
- !in_room_3 

For each plan step, we will analyze the action and determine the resulting fluents:

1. **Ensure to be in room_4 at least once.** 
   - The agent is already in room_4, so the state remains the same. 
   - Resulting state: in_room_4, blue_door_unlocked, !purple_door_2_unlocked, !grey_door_1_unlocked, !holding_green_ball_1, !holding_purple_ball_2, !blue_ball_1_in_room_1, !in_room_1, !in_room_3

2. **Move to room_1 to satisfy the requirement of being in that room.** 
   - The agent moves to room_1, so 'in_room_1' becomes true and 'in_room_4' becomes false. 
   - Resulting state: !in_room_4, blue_door_unlocked, !purple_door_2_unlocked, !grey_door_1_unlocked, !holding_green_ball_1, !holding_purple_ball_2, !blue_ball_1_in_room_1, in_room_1, !in_room_3

3. **Unlock purple_door_2 to ensure it is not locked.** 
   - The agent unlocks the purple door, so 'purple_door_2_unlocked' becomes true. 
   - Resulting state: !in_room_4, blue_door_unlocked, purple_door_2_unlocked, !grey_door_1_unlocked, !holding_green_ball_1, !holding_purple_ball_2, !blue_ball_1_in_room_1, in_room_1, !in_room_3

4. **Hold purple_ball_2 while unlocking grey_door_1.** 
   - The agent holds the purple ball, so 'holding_purple_ball_2' becomes true. The grey door is unlocked, so 'grey_door_1_unlocked' becomes true. 
   - Resulting state: !in_room_4, blue_door_unlocked, purple_door_2_unlocked, grey_door_1_unlocked, !holding_green_ball_1, holding_purple_ball_2, !blue_ball_1_in_room_1, in_room_1, !in_room_3

5. **Ensure blue_ball_1 is in room_1 before moving to room_3.** 
   - The state of blue_ball_1 is still unknown, but we assume it is not in room_1, so 'blue_ball_1_in_room_1' remains false. 
   - Resulting state: !in_room_4, blue_door_unlocked, purple_door_2_unlocked, grey_door_1_unlocked, !holding_green_ball_1, holding_purple_ball_2, !blue_ball_1_in_room_1, in_room_1, !in_room_3

6. **Move to room_3 to satisfy the requirement of being in that room.** 
   - The agent moves to room_3, so 'in_room_3' becomes true and 'in_room_1' becomes false. 
   - Resulting state: !in_room_4, blue_door_unlocked, purple_door_2_unlocked, grey_door_1_unlocked, !holding_green_ball_1, holding_purple_ball_2, !blue_ball_1_in_room_1, !in_room_1, in_room_3

7. **Ensure that the blue door is not locked.** 
   - The blue door is already unlocked, so the state remains the same. 
   - Resulting state: !in_room_4, blue_door_unlocked, purple_door_2_unlocked, grey_door_1_unlocked, !holding_green_ball_1, holding_purple_ball_2, !blue_ball_1_in_room_1, !in_room_1, in_room_3",False,5,failed,"WHAT WENT WRONG: The plan does not meet the constraints regarding the unlocking of the grey door while holding the purple ball, and it also does not guarantee that the blue door is not locked by the end of the sequence.
 HOW TO FIX: You need to unlock the grey door while holding the purple ball before moving to room 3. Additionally, ensure that the blue door is confirmed to be unlocked after all necessary actions are completed."
2026-02-06 12:24:08,125,babyai,4,"In this domain, you are an agent navigating a 2D gridworld consisting of four rooms arranged in a square formation. The rooms are connected by doors, and you can interact with various objects like boxes and balls, each having a specific color. The actions available to you include moving to objects, empty spaces, and doors, as well as picking up and dropping objects. Each action has specific preconditions that must be met before you can perform it, and the effects of the actions change the state of the world accordingly. For example, you can only pick up an object if you are in the same room as it and not holding anything else. The goal is to manipulate the objects and navigate through the rooms to achieve a specific state, such as having a particular box in a designated room while you are also in that room.","You start in room_2, where you have access to a green box and two balls. Your goal is to have a grey box in room_3 while you are also in room_3. The initial state shows that the grey box is in room_3, but you need to navigate through the rooms and possibly interact with the doors to achieve this goal.","You can perform several actions in this gridworld. Here’s a breakdown of what you can do:

1. **Go to Object**: You can go in front of an object if you are in the same room as that object. However, you can only go to an object if you are not currently in front of another object or door.

2. **Go to Empty**: You can go in front of an empty position in the room at any time, regardless of your current position.

3. **Go to Door**: You can go in front of a door if you are in a room that the door connects to and if there is no object blocking the door.

4. **Go to Room**: You can move to an adjacent room through a door if that door is unlocked and you are currently in a room that is connected to the target room.

5. **Pick**: You can pick up an object if you are in the same room as that object and you are not currently holding anything.

6. **Drop**: You can drop an object if you are currently holding it and the position in front of you is empty.

7. **Toggle**: You can toggle a door (lock or unlock it) if you are standing in front of that door.

Each action has specific limitations and preconditions that must be satisfied before you can perform them, such as being in the same room as an object to pick it up or ensuring a door is unlocked before moving through it.",The goal is to have a grey box in room_3 while you are also in room_3. This means you need to ensure that the grey box is present in room_3 and that you have navigated to room_3 yourself.,"1. At least one of the following conditions must be true at some point: the purple door is not locked.
2. At least one of the following conditions must be true at some point: you are holding the green box 2.
3. The red door must remain locked at some point.
4. If the red door is locked at any state, then you must be holding some object at that state or at some state after it.",F(grey_box_in_room_3 & agent_in_room_3) & F(!purple_door_locked) & F(holding_green_box_2) & F(red_door_locked) & G(red_door_locked -> F(holding_some_object)),"1. **Goal**: The goal is to have both the grey box and the agent in room_3. This is a final state requirement, so we use the 'Finally' operator: F(grey_box_in_room_3 & agent_in_room_3).

2. **Constraint 1**: At least one of the following conditions must be true at some point: the purple door is not locked. This is a simple constraint that must be true at least once, so we use the 'Finally' operator: F(!purple_door_locked).

3. **Constraint 2**: At least one of the following conditions must be true at some point: you are holding the green box 2. This is another simple constraint that must be true at least once, so we use the 'Finally' operator: F(holding_green_box_2).

4. **Constraint 3**: The red door must remain locked at some point. This is a simple constraint that must be true at least once, so we use the 'Finally' operator: F(red_door_locked).

5. **Constraint 4**: If the red door is locked at any state, then you must be holding some object at that state or at some state after it. This is a consequence constraint, so we use the 'Globally' and 'Finally' operators: G(red_door_locked -> F(holding_some_object)).

Combining all these, we get the final LTL formula.","Fluents are predicates that describe the state of the world, such as 'grey_box_in_room_3', 'agent_in_room_3', '!purple_door_locked', 'holding_green_box_2', 'red_door_locked', and 'holding_some_object'. These predicates are used to express conditions about the presence of objects, the agent's location, and the state of doors.","1. Pick up the green box in room_2.
2. Ensure the red door remains locked.
3. Move through the purple door to room_3.
4. Confirm presence in room_3 with the grey box.","Initial State Analysis: The agent starts in room_2, where it has access to a green box and two balls. The grey box is already in room_3, which is the target room. The agent needs to navigate to room_3 while ensuring the grey box remains there. 

Goal Analysis: The goal is to have the grey box in room_3 while the agent is also present in room_3. Since the grey box is already in room_3, the agent only needs to navigate to room_3. 

Constraint Analysis: 
1. The purple door must be unlocked at some point. This means the agent needs to ensure that it can pass through the purple door if necessary. 
2. The agent must hold the green box at some point. This means the agent needs to pick up the green box before moving to room_3. 
3. The red door must remain locked at some point. This means the agent should not unlock the red door during its actions. 
4. If the red door is locked, the agent must be holding an object. This means the agent must pick up the green box before ensuring the red door remains locked. 

Subgoal Sequence: 
1. Pick up the green box in room_2 to satisfy the requirement of holding an object. 
2. Ensure the red door remains locked after picking up the green box. 
3. Move through the purple door to room_3. 
4. Confirm that the grey box is in room_3 and that the agent is also in room_3, achieving the goal. 

This sequence of actions will ensure that all constraints are satisfied while achieving the goal of being in room_3 with the grey box.","[['agent_in_room_2', 'green_box_in_room_2', 'grey_box_in_room_3', 'red_door_locked', '!holding_some_object', '!holding_green_box_2', '!purple_door_locked'], ['agent_in_room_2', '!green_box_in_room_2', 'grey_box_in_room_3', 'red_door_locked', 'holding_green_box_2', 'holding_some_object', '!purple_door_locked'], ['agent_in_room_2', '!green_box_in_room_2', 'grey_box_in_room_3', 'red_door_locked', 'holding_green_box_2', 'holding_some_object', '!purple_door_locked'], ['agent_in_room_3', '!green_box_in_room_2', 'grey_box_in_room_3', 'red_door_locked', 'holding_green_box_2', 'holding_some_object', '!purple_door_locked'], ['agent_in_room_3', '!green_box_in_room_2', 'grey_box_in_room_3', 'red_door_locked', 'holding_green_box_2', 'holding_some_object', '!purple_door_locked']]","In the initial state, the agent is located in room_2, where it has access to a green box and two balls. The grey box is already in room_3, and the state of the doors is not specified, but we can assume that the red door is locked since the goal involves ensuring it remains locked. The agent is not holding any object at the start. Therefore, the initial state includes the following fluents: the agent's location, the presence of the grey box in room_3, the status of the green box in room_2, the status of the red door, and the fact that the agent is not holding any object. 

1. **State 0**: The agent is in room_2, the green box is present, the grey box is in room_3, the red door is locked, and the agent is not holding anything. 

2. **Step 1**: The agent picks up the green box in room_2. After this step, the agent is holding the green box, and the green box is no longer in room_2. The agent is still in room_2. 

3. **Step 2**: The agent ensures the red door remains locked. This step does not change the state of the agent or the green box but confirms that the red door is still locked. 

4. **Step 3**: The agent moves through the purple door to room_3. After this step, the agent is now in room_3, still holding the green box. The grey box remains in room_3. 

5. **Step 4**: The agent confirms presence in room_3 with the grey box. This step does not change the state further but confirms the agent's presence in room_3 with the grey box. 

The resulting states after each step reflect these changes accurately, ensuring that all fluents are consistent with the actions taken in the plan.",False,5,failed,"WHAT WENT WRONG: The plan does not address the need to unlock the purple door at any point, which is necessary for moving to room_3. Furthermore, it does not ensure that you are holding an object while the red door remains locked, violating the constraints.
 HOW TO FIX: You need to unlock the purple door before moving to room_3. Additionally, ensure that you are holding the green box while the red door is locked."
